timestamp,user_id,session_id,user_message,buddha_response,message_length,response_length,detected_emotions,conversation_turn
2025-10-19T19:22:23.919606,63b9049d2a0f7d39,ef1d70ef-9684-4814-9f68-e24558b26899,제가 너무 욕심이 많은가봐요. 주식이 계속 오르니까 업무에 집중이 안됩니다. 고민이에요,"당신의 욕심이 많다는 것은 인간다운 본능입니다. 그러나 욕심이 지나치면 고통을 가져올 수도 있습니다. 주식 시장의 변동은 정서적으로 영향을 미칠 수 있지만, 중요한 것은 그것에 어떻게 대처하는가입니다.

우선, 주식 투자에 집중하는 대신 현재 업무와 일상 생활에 집중해보시기를 권유드립니다. 주식 시장은 변할 수 있지만, 당신의 업무와 삶은 지속되어야 합니다.

그리고 이런 욕심과 우려가 당신을 어떻게 행동하게 만드는지 생각해보세요. 주식 시장 외의 다른 취미나 관심사를 찾아보고, 정기적인 운동이나 명상을 통해 마음을 안정시키는 것도 도움이 될 수 있습니다.

마음을 조금씩 가라앉히고, 현재 순간에 집중하며 마음을 평안히 유지하는 것이 중요합니다. 현재의 고통과 욕망을 바라보고 받아들이는 연습을 해보세요. 그렇게 하면 더 나은 결정을 내릴 수 있고, 주변 사람들과 더 나은 관계를 유지할 수 있을 것입니다. 함께 걸어가며 스스로 깨닫는 과정에서 지혜를 찾아가길 바랍니다.
",48,492,,1
2025-10-19T19:23:48.780504,63b9049d2a0f7d39,ef1d70ef-9684-4814-9f68-e24558b26899,업무에 집중하고 싶은데 여러 잡념이 너무 많습니다. 어떻게 하면 원하는 일에 더 잘 집중할 수 있을까요?,"제자여, 당신의 마음이 여러 잡념에 번뇌되고 있는 모습을 이해합니다. 업무에 집중하고 싶지만 마음이 흩어져 있어서 고민스럽군요.

우선, 그 잡념들이 무엇인지 인지해보시기 바랍니다. 그리고 그것들을 객관적으로 바라봅니다. 마치 구름이 지나가듯, 그 잡념들이 오고 가는 것을 관찰해보세요. 

그리고 숨을 깊게 들이마시고 내쉬는 것부터 시작해보세요. 숨을 조절하면 마음도 조절됩니다. 마음의 평정함을 되찾기 위해 숨에 집중해보는 것이 좋습니다.

작은 목표를 세워보세요. 업무에 집중하는 시간을 정해놓고, 다른 생각이 들 때는 그것을 기록해두고 나중에 처리하기로 약속하는 것부터 시작해보세요.

그리고 주변 환경을 정리해보세요. 깔끔한 환경은 마음도 정리되게 해줍니다. 필요 없는 것들을 정리하고 작업 공간을 정돈해보세요.

마음의 여유를 얻기 위해 일상 속 작은 쉼표도 필요합니다. 짧은 명상, 산책, 차 한 잔의 여유 시간 등을 통해 마음을 정화해보세요.

마음의 방황은 자연스러운 일입니다. 그렇기에 칭얼거리며 비난하지 말고, 부드럽게 받아들이며 균형을 찾아가는 것이 중요합니다.

오늘 하루도 당신의 노력과 진심에 경의를 표하며, 조금씩 변화와 집중력을 찾아가시기를 기원합니다. 함께 걸어가겠소.",58,616,희망,2
2025-10-19T19:37:27.103190,63b9049d2a0f7d39,962e76e3-e1b9-4636-83a5-2f7467c50b52,직장 동료와 사이가 안좋은데 일거수일투족이 거슬려요. 어떻게 감정조절을 잘 하며 일할 수 있을까요?,"제자여, 직장이라는 작은 사회 안에서 누군가와의 갈등은 피할 수 없는 일이지요. 그로 인한 불편함이 당신의 마음을 짓누르고 있는 것이 느껴집니다.

잠시 함께 생각해봅시다. 그 동료의 행동이 왜 그렇게 거슬리는지, 그 속에 숨겨진 감정은 무엇인지 스스로에게 물어보세요. 그 사람의 어떤 면이 당신을 불편하게 하는 걸까요? 그것은 당신 내면의 어떤 부분과 연결되어 있을까요?

감정은 마치 바람과 같습니다. 우리는 바람을 멈출 순 없지만, 돛을 어떻게 펼칠지 선택할 수 있습니다. 동료의 행동을 직접적으로 바꿀 순 없지만, 그것에 대한 우리의 반응은 선택할 수 있지요.

당신께 드리고 싶은 조언은 매일 아침 잠시 동안 숨을 고르며 명상을 해보는 것입니다. 5분 정도 호흡에 집중하며 마음의 평화를 찾는 시간을 가져보세요. 그리고 그 동료를 떠올리며 ""그도 행복하기를""이라 중얼거려 보세요. 이것은 그를 위한 것이 아니라, 당신 자신에게 평화와 여유를 주기 위함입니다.

그리고 이렇게 스스로에게 묻기를 권합니다: ""오늘 내가 이 상황에서 배울 수 있는 것은 무엇인가?"" 어떤 갈등도 성장의 기회가 될 수 있음을 기억하세요.

시간이 지나면서, 당신의 마음속 변화가 주변에도 긍정적인 영향을 미칠 것입니다. 제자여, 당신이 더 평온한 하루를 맞이하길 바랍니다.",55,648,희망,1
2025-10-24T14:24:14.561302,63b9049d2a0f7d39,21ce47fe-18c1-499e-9d1f-c99c6f7e24c5,오늘따라 햄버거가 너무 먹고싶어요.. 업무 때문에 스트레스 받아서 그런가봐요,"제자여, 스트레스 속에서 잠시의 달콤한 위안을 찾고 계시는군요. 그 욕망은 자연스러운 것입니다. 음식을 통해 잠깐이라도 기분 전환을 하고 싶어지는 건 이해할 수 있습니다.

그런데 이런 질문을 드리고 싶습니다. 햄버거를 먹는 것이 정말로 당신에게 필요한 것일까요, 아니면 그것이 스트레스를 해결해줄 것이라는 기대일까요?

음식은 순간적인 즐거움을 줄 수 있지만, 그 후에도 마음의 평화가 지속될지는 생각해볼 문제입니다. 마치 갈증을 느낄 때 바닷물을 마시면 더 갈증이 나는 것과 비슷하지 않을까요?

스트레스 해소를 위해 이렇게 해보세요. 잠시 자리를 벗어나 깊고 천천히 숨을 쉬어보세요. 그리고 지금 이 순간, 당신의 몸과 마음에 진정으로 필요한 것이 무엇인지 물어보세요.

만약 햄버거를 먹기로 결정하더라도, 의식적으로 그 맛과 식감에 집중하며 천천히 즐기세요. 그렇게 함으로써 작은 행복도 크게 느껴질 것입니다.

오늘도 자신을 돌보며 균형있는 하루를 보내시기를 바랍니다.",42,491,스트레스,1
2025-10-24T14:54:56.914486,63b9049d2a0f7d39,21ce47fe-18c1-499e-9d1f-c99c6f7e24c5,제 꿈을 위해서는 퇴사를 해야 한다는걸 알지만 지금 회사의 연봉이 높고 안정적이라 고민이 돼요. 하지만 퇴사하지 않으면 하루 하루 제자리에 머무는 기분이에요. 어쩌면 좋을까요,"제자여, 당신의 마음속에서 두 가지 강한 욕망이 충돌하고 있군요. 안정적인 삶과 꿈을 향한 도전 사이에서 말입니다. 그것은 마치 따뜻한 햇살 아래에 있지만, 새로운 모험을 꿈꾸는 나무와 같습니다.

먼저 스스로에게 물어봅시다. 당신의 꿈은 무엇인가요? 그것이 당신에게 얼마나 중요한가요? 그 꿈을 이루기 위해 어떤 희생들이 필요한지 명확히 이해하는 것도 중요합니다.

만약 그 꿈이 당신의 내면 깊숙한 곳에서 부르는 소리라면, 지금의 안정을 잠시 내려놓는 용기가 필요할지도 모릅니다. 하지만 그 결단이 쉬운 것은 아니기에, 준비가 필요합니다.

고민될 때마다 대나무를 생각해보세요. 보이지 않는 땅 속에서 오랜 시간 뿌리를 길러야만 하늘 높이 자랍니다. 지금의 직장이 당신에게 필요한 에너지를 쌓아주고 있는지, 아니면 이미 충분히 준비가 되었는지를 깊이 생각해보세요.

실천 가능한 방법으로는, 구체적으로 퇴사 후 어떤 계획을 가지고 있는지 작성해보세요. 그리고 일정 기간 동안 재정적 준비를 하는 것도 현명할 것입니다.

마지막으로 자신에게 이렇게 말해보세요. ""나는 나의 길을 찾고 있으며, 그 길은 나만의 것이다."" 어떤 선택을 하든, 그 길 위에서 배우고 성장할 수 있을 것입니다.",97,609,,2
2025-10-24T15:43:50.949247,63b9049d2a0f7d39,99777781-dfa3-4fd2-b2e0-eedfe86f0683,이직하고 싶은데 연봉을 낮춰서 가야해요 하지만 꿈을 향해 도전하고 싶어요,"제자여, 당신의 마음속에서 꿈과 현실 사이의 갈등이 느껴지는군요. 꿈을 향한 도전은 언제나 설레임과 동시에 두려움을 함께 동반하죠.

먼저 스스로에게 질문해봅시다. 지금의 직장에서 얻고 있는 만족은 무엇인가요? 그리고 새로운 직장에서 얻고자 하는 것은 무엇인가요? 연봉 외에 다른 가치들은 어디에 있는지 생각해보세요.

꿈을 좇는 길은 때로는 험난할 수 있지만, 그것이 우리를 진정으로 살아있게 합니다. 마치 나비가 나무를 떠나기 위해 번데기를 뚫고 나오는 것처럼 말입니다. 변화는 항상 희생을 요구하지만, 그 결과는 새로운 성장으로 이어질 수 있습니다.

연봉이 낮아진다면 생활에 어떤 영향을 미칠지 구체적으로 계획해보세요. 불필요한 지출을 줄이고, 현재 가진 것들을 소중히 여기는 법도 배울 수 있을 것입니다. 행복은 소유의 양이 아니라 마음의 상태에서 오는 것이니까요.

당신의 꿈을 향한 발걸음은 이미 당신을 더 나은 사람으로 만들고 있습니다. 매일 조금씩 그 방향으로 움직인다면, 결실을 맺는 날이 올 것입니다. ""작은 발걸음이지만, 나아가고 있다""라고 스스로에게 응원을 보내주세요.",40,555,,1
2025-10-24T15:50:38.125462,63b9049d2a0f7d39,99777781-dfa3-4fd2-b2e0-eedfe86f0683,사람을 미워하고 싶지 않은데 자꾸 미운 마음이 생겨서 힘들엉,"제자여, 사람을 미워하고 싶지 않지만 그 마음이 자꾸 생겨나 당신을 괴롭히는군요. 그 고통스러움을 함께 느낍니다.

먼저, 미워하는 마음이 생기는 것은 인간으로서 자연스러운 일입니다. 그것을 억지로 없애려 하지 마세요. 대신 이렇게 물어봅시다. 그 사람의 어떤 행동이 당신에게 상처를 주고 있는 걸까요? 그리고 그 상처는 어떤 감정을 불러일으키나요?

미움은 종종 우리가 이해하지 못하거나 두려움을 느낄 때 나타납니다. 나무가 그늘을 만들듯이, 미움 역시 우리의 마음에 그림자를 드리우죠. 하지만 그늘 뒤에는 언제나 빛이 있습니다.

매일 잠시 시간을 내어 미운 사람에게도 자비의 마음을 보내보세요. ""그도 행복하고 자유롭기를."" 이 연습은 그들을 위한 것이 아니라, 당신 자신의 마음을 치유하기 위한 것입니다.

또한, 자신에게 묻습니다. 이 미움이 계속될 때, 당신의 마음과 삶에 어떤 영향을 미치고 있나요? 그리고 그것이 정말 가치 있는 일인가요?

제자여, 연꽃은 진흙 속에서 피어나듯이, 당신의 마음속 고통도 언젠가 아름다운 깨달음과 평화로 피어날 것입니다. 천천히, 그리고 꾸준히 해보세요. 당신은 충분히 할 수 있습니다.",33,578,"스트레스,고통",2
2025-10-24T15:55:10.305280,63b9049d2a0f7d39,99777781-dfa3-4fd2-b2e0-eedfe86f0683,저는 AI로 고객경험을 향상시키는 일을 하고 있습니다. 저와 저희 팀을 응원해주세요,"제자여, 고객경험을 향상시키는 일은 사람들에게 기쁨과 만족을 주는 중요한 임무입니다. 당신과 당신의 팀이 그 길을 걸으며 얼마나 많은 도전을 마주하고 있는지 느껴집니다.

마음을 다해 응원합니다. 당신들이 만들어가는 작은 변화가 누군가에게 큰 행복으로 다가갈 것입니다. 고객의 목소리에 귀를 기울이고, 그들의 삶에 긍정적 영향을 미치려는 노력이 결실을 맺길 바랍니다.

오늘도 함께 최선을 다하며, 그 과정에서 얻는 배움과 성장이 여러분의 미래에 큰 자산이 되길 빕니다. 화이팅! 🌟",46,270,,3
2025-10-24T16:24:28.805392,63b9049d2a0f7d39,31a108cc-0b52-439b-b157-d7d18659e7dd,아내에게 고마움을 표현할 방법을 알려주세요,"제자여, 당신의 마음속에 아내를 향한 깊은 감사를 품고 계시군요. 사랑하는 이에게 감사의 마음을 표현하는 것은 그 자체로 아름다운 일이랍니다.

어떻게 하면 그 고마움을 진심으로 전할 수 있을지 함께 생각해봅시다. 물질적인 선물도 좋겠지만, 때로는 작은 행동이나 진심 어린 말 한 마디가 더 큰 의미를 가질 수 있습니다.

1. **진심 어린 대화**: 하루 중 조용한 순간에 아내와 마주 앉아 눈을 바라보며 ""정말 고마워""라고 진심으로 말해보세요. 그 순간의 감정이 전달될 것입니다.

2. **손편지 쓰기**: 손글씨로 편지를 써서 아내에게 전해보세요. 당신이 왜 그녀에게 감사하는지 구체적으로 적어보면 그녀에게 큰 감동을 줄 것입니다.

3. **작은 행동들**: 그녀가 평소에 하는 일을 대신해주거나, 좋아하는 음식을 준비해주는 것도 좋은 방법입니다. 이런 작은 배려들이 일상 속에서 큰 차이를 만들지요.

4. **특별한 시간 만들기**: 함께 산책하거나 차 한 잔 하며 오롯이 서로에게 집중하는 시간을 가져보세요. 그 시간이 특별한 기억이 될 것입니다.

제자여, 중요한 것은 당신의 진심입니다. 어떤 방법이든 진실한 마음이 담겨 있다면 아내는 그 사랑을 느낄 것입니다. 그리고 이것이 두 사람의 관계를 더욱 깊고 아름답게 만들어줄 것입니다.",23,645,,1
